# Where motion designers actually talk to each other, and where the business questions get answered.
# SEEDED, NOT VERIFIED — run `node scripts/directory/check-links.mjs community` before trusting the links.
#source: seed
#cols: name	href	note	kind
Motion Hatch	https://motionhatch.com/	The business side of motion design — rates, clients, contracts.	Business
r/MotionDesign	https://www.reddit.com/r/MotionDesign/	Portfolio critique, career questions, and the occasional real argument.	Forum
r/AfterEffects	https://www.reddit.com/r/AfterEffects/	Technical help, fast. Search before posting.	Forum
r/blender	https://www.reddit.com/r/blender/	Enormous, active, and generous with beginners.	Forum
Blender Artists	https://blenderartists.org/	The long-form Blender forum, where the deep threads live.	Forum
Creative COW	https://creativecow.net/	Old-school, still useful for post and broadcast problems.	Forum
Polycount	https://polycount.com/	3D art and games, strong on topology and pipeline.	Forum
Motion Hatch Podcast	https://motionhatch.com/podcast/	Freelance economics, in interviews.	Podcast
School of Motion Podcast	https://www.schoolofmotion.com/podcast	Long conversations with people who run the studios.	Podcast
The Futur	https://thefutur.com/	Design business education. Opinionated, useful.	Podcast
Creative Pep Talk	https://www.creativepeptalk.com/	Freelance illustration and design careers, honestly told.	Podcast
99% Invisible	https://99percentinvisible.org/	Design thinking outside the screen. The best input is not motion.	Podcast
Human & Motion	https://humanandmotion.substack.com/	The club's own newsletter. Practice over tutorials.	Newsletter
Dense Discovery	https://www.densediscovery.com/	Weekly, wide-angle, consistently the best-made newsletter in design.	Newsletter
Sidebar	https://sidebar.io/	Five design links a day. Low effort, high yield.	Newsletter
